{"loss": [0.16294415295124054, 0.06879334151744843, 0.04949788749217987, 0.037445489317178726, 0.04082818329334259, 0.032461605966091156, 0.02512955293059349, 0.029703352600336075], "accuracy": [0.9400253891944885, 0.9769886136054993, 0.9867729544639587, 0.989672064781189, 0.9891284704208374, 0.9925711154937744, 0.99383944272995, 0.9925711154937744], "val_loss": [2.839390993118286, 0.2983551323413849, 0.033666662871837616, 0.07696504145860672, 0.04539807513356209, 0.10763422399759293, 0.06622835993766785, 0.1551167070865631], "val_accuracy": [0.6778273582458496, 0.9174107313156128, 0.9903273582458496, 0.9821428656578064, 0.988095223903656, 0.9680059552192688, 0.988095223903656, 0.9627976417541504]}